,verb,?,czynnościowy,dowodzenia,emotywny,epistemiczny,liczenia,mówienia,nie_wiedzowy,odkrycia,pamięciowy,percepcyjny,przyczynowy,wnioskowania,wolicjonalny,wolitywny,zdarzeniowy,o1+,o1-,o1o,o2+,o2-,o2o
214,"dowieść, że_",0,0,1,0,0,0,1,0,0,0,0,0,1,0,0,0,1,0,0,0,0,1
219,"dowieść, że_",0,0,1,0,0,0,1,0,0,0,0,0,1,0,0,0,1,0,0,0,0,1
220,"dowodzić, że_",0,0,1,0,0,0,1,0,0,0,0,0,1,0,0,0,0,0,1,0,0,1
221,"dowodzić, że_",0,0,1,0,0,0,1,0,0,0,0,0,1,0,0,0,0,0,1,0,0,1
741,"obawiać się, że_",0,0,0,1,1,0,0,0,0,0,0,0,0,1,0,0,0,0,1,0,0,1
742,"obawiać się, że_",0,0,0,1,1,0,0,0,0,0,0,0,0,1,0,0,0,0,1,0,0,1
750,"obawiać się, że_",0,0,0,1,1,0,0,0,0,0,0,0,0,1,0,0,0,0,1,0,0,1
775,"oceniać, że_",0,0,0,0,1,0,0,0,0,0,0,0,1,0,0,0,0,0,1,0,0,1
778,"ocenić, że_",0,0,0,0,0,0,1,0,0,0,0,0,1,0,0,0,0,0,1,0,0,1
1034,"pokazać, że_",0,0,0,0,0,0,1,0,0,0,0,0,1,0,0,0,0,0,1,0,0,1
1036,"pokazać, że_",0,0,0,0,0,0,1,0,0,0,0,0,1,0,0,0,0,0,1,0,0,1
1041,"pokazać, że_",0,0,0,0,0,0,1,0,0,0,0,0,1,0,0,0,0,0,1,0,0,1
1047,"pokazać, że_",0,0,0,0,0,0,1,0,0,0,0,0,1,0,0,0,0,0,1,0,0,1
1053,"pokazywać, że_",0,0,0,0,0,0,1,0,0,0,0,0,1,0,0,0,0,0,1,0,0,1
1057,"pokazywać, że_",0,0,0,0,0,0,1,0,0,0,0,0,1,0,0,0,0,0,1,0,0,1
1256,"przepowiadać, że_",0,0,0,0,0,0,1,0,0,0,0,0,1,0,0,0,0,0,1,0,0,1
1257,"przepowiadać, że_",0,0,0,0,0,0,1,0,0,0,0,0,1,0,0,0,0,0,1,0,0,1
1283,"przypomnieć komuś, że_",0,0,0,0,0,0,1,0,0,1,0,0,0,0,0,0,1,0,0,1,0,0
1284,"przypomnieć komuś, że_",0,0,0,0,0,0,1,0,0,1,0,0,0,0,0,0,1,0,0,1,0,0
1286,"przypomnieć komuś, że_",0,0,0,0,0,0,1,0,0,1,0,0,0,0,0,0,1,0,0,1,0,0
1288,"przypomnieć komuś, że_",0,0,0,0,0,0,1,0,0,1,0,0,0,0,0,0,1,0,0,1,0,0
1381,"rechotać, że_",0,0,0,1,0,0,1,0,0,0,0,0,0,0,0,0,0,1,0,0,0,1
1577,"świadczyć, że_",0,0,1,0,0,0,0,0,0,0,0,0,1,0,0,0,0,0,1,0,0,1
1578,"świadczyć, że_",0,0,1,0,0,0,0,0,0,0,0,0,1,0,0,0,0,0,1,0,0,1
1653,"ubolewać, że_",0,0,0,1,0,0,1,0,0,0,0,0,0,0,0,0,1,0,0,1,0,0
1679,"udowadniać, że_",0,0,1,0,0,0,2,0,0,0,0,0,0,0,0,0,0,0,1,0,0,1
1680,"udowadniać, że_",0,0,1,0,0,0,1,0,0,0,0,0,1,0,0,0,0,0,1,0,0,1
1682,"udowadniać, że_",0,0,1,0,0,0,1,0,0,0,0,0,1,0,0,0,0,0,1,0,0,1
1683,"udowodnić, że_",0,0,1,0,0,0,1,0,0,0,0,0,1,0,0,0,1,0,0,0,0,1
1689,"udowodnić, że_",0,0,1,0,0,0,1,0,0,0,0,0,1,0,0,0,1,0,0,0,0,1
1690,"udowodnić, że_",0,0,1,0,0,0,1,0,0,0,0,0,1,0,0,0,1,0,0,0,0,1
1691,"ukazać, że_",0,0,0,0,0,0,1,0,0,0,0,0,1,0,0,0,0,0,1,0,0,1
2187,"wykazać, że_",0,0,1,0,0,0,1,0,0,0,0,0,1,0,0,0,0,0,1,0,0,1
2188,"wykazać, że_",0,0,1,0,0,0,1,0,0,0,0,0,1,0,0,0,0,0,1,0,0,1
2190,"wykazać, że_",0,0,1,0,0,0,1,0,0,0,0,0,1,0,0,0,0,0,1,0,0,1
2191,"wykazywać, że_",0,0,1,0,0,0,1,0,0,0,0,0,1,0,0,0,0,0,1,0,0,1
3,"[e] czuć, że_",0,0,0,0,2,0,0,0,0,0,1,0,0,0,0,0,1,0,0,1,0,0
4,"[e] czuć, że_",0,0,0,0,2,0,0,0,0,0,1,0,0,0,0,0,0,0,1,0,0,1
6,"[e] czuć, że_",0,0,0,0,2,0,0,0,0,0,1,0,0,0,0,0,0,0,1,0,0,1
20,"[p] poczuć, że_",0,0,0,0,0,0,0,0,0,0,2,0,0,0,0,0,1,0,0,1,0,0
24,"bać się, że_",0,0,0,2,0,0,0,0,0,0,0,0,0,0,0,0,0,0,1,0,0,1
25,"bać się, że_",0,0,0,2,0,0,0,0,0,0,0,0,0,0,0,0,0,0,1,0,0,1
39,"być dumnym, że_",0,0,0,2,0,0,0,0,0,0,0,0,0,0,0,0,1,0,0,1,0,0
40,"być dumnym, że_",0,0,0,2,0,0,0,0,0,0,0,0,0,0,0,0,1,0,0,1,0,0
77,"być zgodnym, że_",0,0,0,0,0,0,2,0,0,0,0,0,0,0,0,0,0,0,1,0,0,1
92,"chwalić się, że_",0,0,0,1,0,0,2,0,0,0,0,0,0,0,0,0,0,0,1,0,0,1
93,"cieszyć się, że_",0,0,0,2,0,0,0,0,0,0,0,0,0,0,0,0,1,0,0,1,0,0
98,"cieszyć się, że_",0,0,0,2,0,0,0,0,0,0,0,0,0,0,0,0,1,0,0,1,0,0
114,"martwić, że_",0,0,0,2,0,0,0,0,0,0,0,0,0,0,0,0,1,0,0,1,0,0
116,wskazywać na [coś],0,0,0,0,0,0,0,0,0,0,0,0,2,0,0,0,0,0,1,0,0,1
117,wskazywać na [coś],0,0,0,0,0,0,2,0,0,0,0,0,0,0,0,0,0,0,1,0,0,1
124,wskazywać na [coś],0,0,0,0,0,0,2,0,0,0,0,0,0,0,0,0,0,0,1,0,0,1
134,"czepiać się, że_",0,0,0,0,0,0,2,0,0,0,0,0,0,1,0,0,1,0,0,1,0,0
136,"czytać, że_",0,0,0,0,0,0,1,0,0,0,2,0,0,0,0,0,0,0,1,0,0,1
138,"dać do zrozumienia, że_",0,0,0,0,0,0,2,0,0,0,0,0,0,0,0,0,0,0,1,0,0,1
143,"dać poznać, że_",0,2,0,0,0,0,0,0,0,0,0,0,0,0,0,0,1,0,0,1,0,0
146,"decydować, że_",0,0,0,0,0,0,0,0,0,0,0,2,0,0,0,0,0,0,1,0,0,1
147,"decydować, że_",0,0,0,0,0,0,0,0,0,0,0,2,0,0,0,0,0,0,1,0,0,1
193,"[p] dostrzec, że_",0,0,0,0,0,0,0,0,0,0,2,0,0,0,0,0,1,0,0,1,0,0
194,"[e] dostrzegać, że_",0,0,0,0,2,0,0,0,0,0,1,0,0,0,0,0,1,0,0,1,0,0
224,"dziękować, że_",0,0,0,0,0,0,2,0,0,0,0,0,0,1,0,0,1,0,0,1,0,0
225,"dziękować, że_",0,0,0,0,0,0,2,0,0,0,0,0,0,1,0,0,1,0,0,0,0,1
245,"grozić, że_",0,0,0,0,0,0,2,0,0,0,0,0,0,1,0,0,0,0,1,0,0,1
246,"grzmieć, że_",0,0,0,1,0,0,2,0,0,0,0,0,0,0,0,0,0,0,1,0,0,1
267,"irytować, że_",0,0,0,2,0,0,0,0,0,0,0,0,0,0,0,0,1,0,0,1,0,0
274,"liczyć, że_",0,0,0,0,2,0,0,1,0,0,0,0,0,0,0,0,0,0,1,0,0,1
275,"liczyć, że_",0,0,0,0,2,0,0,1,0,0,0,0,0,0,0,0,0,0,1,0,0,1
291,"łudzić się, że_",0,0,0,0,2,0,0,0,0,0,0,0,0,1,0,0,0,1,0,0,1,0
292,"łudzić się, że_",0,0,0,0,2,0,0,0,0,0,0,0,0,1,0,0,0,1,0,0,1,0
295,"martwić się, że_",0,0,0,2,0,0,0,0,0,0,0,0,0,0,0,0,0,0,1,0,0,1
296,"martwić się, że_",0,0,0,2,0,0,0,0,0,0,0,0,0,0,0,0,0,0,1,0,0,1
303,"mieć nadzieję, że_",0,0,0,0,2,0,0,0,0,0,0,0,0,1,0,0,0,0,1,0,0,1
304,"mieć nadzieję, że_",0,0,0,0,2,0,0,0,0,0,0,0,0,1,0,0,0,0,1,0,0,1
351,"mieć nadzieję, że_",0,0,0,0,2,0,0,0,0,0,0,0,0,1,0,0,0,0,1,0,0,1
359,"mieć radość, że_",0,0,0,2,0,0,0,0,0,0,0,0,0,0,0,0,1,0,0,1,0,0
686,"nacieszyć się, że_",0,0,0,2,0,0,0,0,0,0,0,0,0,0,0,0,1,0,0,1,0,0
689,"naigrawać się, że_",0,0,0,1,0,0,2,0,0,0,0,0,0,0,0,0,0,0,1,0,0,1
690,"nakrzyczeć, że_",0,0,0,1,0,0,2,0,0,0,0,0,0,0,0,0,0,0,1,0,0,1
704,"narzekać, że_",0,0,0,1,0,0,2,0,0,0,0,0,0,0,0,0,0,0,1,0,0,1
709,"nic dziwnego, że_",0,0,0,2,0,0,0,0,0,0,0,0,0,0,0,0,1,0,0,1,0,0
740,"niepokoić się, że_",0,0,0,2,0,0,0,0,0,0,0,0,0,0,0,0,0,0,1,0,0,1
752,"obić się o uszy, że_",0,0,0,0,0,0,1,0,0,0,2,0,0,0,0,0,0,0,1,0,0,1
770,"obliczać, że_",0,0,0,0,0,2,0,0,0,0,0,0,0,0,0,0,0,0,1,0,0,1
771,"obliczyć, że_",0,0,0,0,0,2,0,0,0,0,0,0,0,0,0,0,0,0,1,0,0,1
772,"obliczyć, że_",0,0,0,0,0,2,0,0,0,0,0,0,0,0,0,0,0,0,1,0,0,1
773,"obrazić się, że_",0,0,0,2,0,0,0,0,0,0,0,0,0,0,0,0,1,0,0,1,0,0
777,"ocenić, że_",0,0,0,0,0,0,2,0,0,0,0,0,0,0,0,0,0,0,1,0,0,1
780,"oczekiwać, że_",0,0,0,0,2,0,0,0,0,0,0,0,0,1,0,0,0,0,1,0,0,1
781,"oczekiwać, że_",0,0,0,0,2,0,0,0,0,0,0,0,0,1,0,0,0,0,1,0,0,1
901,"opierniczyć, że_",0,0,0,1,0,0,2,0,0,0,0,0,0,0,0,0,0,0,1,0,0,1
917,"ostrzegać, że_",0,0,0,1,0,0,2,0,0,0,0,0,0,0,0,0,1,0,0,1,0,0
919,"ostrzegać, że_",0,0,0,1,0,0,2,0,0,0,0,0,0,0,0,0,1,0,0,1,0,0
921,"oszacować, że_",0,0,0,0,0,2,0,0,0,0,0,0,0,0,0,0,0,0,1,0,0,1
932,"pamiętać, że_",0,0,0,0,0,0,0,0,0,2,0,0,0,0,0,0,1,0,0,1,0,0
933,"pamiętać, że_",0,0,0,0,0,0,0,0,0,2,0,0,0,0,0,0,1,0,0,1,0,0
935,"pamiętać, że_",0,0,0,0,0,0,0,0,0,2,0,0,0,0,0,0,1,0,0,1,0,0
979,"pochwalić się, że_",0,0,0,1,0,0,2,0,0,0,0,0,0,0,0,0,1,0,0,1,0,0
981,"pocieszać się, że_",0,0,0,2,0,0,0,0,0,0,0,0,0,0,0,0,1,0,0,1,0,0
983,"pocieszyć się, że_",0,0,0,2,0,0,0,0,0,0,0,0,0,0,0,0,1,0,0,1,0,0
1023,"podziwiać za coś, że_",0,0,0,2,0,0,0,0,0,0,0,0,0,0,0,0,1,0,0,1,0,0
1058,"policzyć, że_",0,0,0,0,0,2,0,0,0,0,0,0,0,0,0,0,0,0,1,0,0,1
1075,"postanowić, że_",0,0,0,0,0,0,0,0,0,0,0,2,0,0,0,0,0,0,1,0,0,1
1076,"postanowić, że_",0,0,0,0,0,0,0,0,0,0,0,2,0,0,0,0,0,0,1,0,0,1
1229,"pozwolić, że_",0,0,0,0,0,0,0,0,0,0,0,2,0,0,0,0,0,0,1,0,0,1
1230,"pozwolić, że_",0,0,0,0,0,0,0,0,0,0,0,2,0,0,0,0,0,0,1,0,0,1
1231,"protestować, że_",0,0,0,0,0,0,0,0,0,0,0,2,0,1,0,0,1,0,0,1,0,0
1234,"przeczytać, że_",0,0,0,0,0,0,1,0,0,0,2,0,0,0,0,0,0,0,1,0,0,1
1251,"przekonywać, że [zwrotny]_",0,0,0,0,0,0,2,0,0,0,0,0,0,0,0,0,0,0,1,0,0,1
1255,"przeoczyć, że_",0,0,0,0,0,0,0,0,0,0,2,0,0,0,0,0,1,0,0,1,0,0
1263,"przerazić się, że_",0,0,0,2,0,0,0,0,0,0,0,0,0,0,0,0,1,0,0,1,0,0
1304,"przypominać sobie, że_",0,0,0,0,0,0,0,0,0,2,0,0,0,0,0,0,1,0,0,1,0,0
1306,"przypominać sobie, że_",0,0,0,0,0,0,0,0,0,2,0,0,0,0,0,0,1,0,0,1,0,0
1308,"przypomnieć sobie, że_",0,0,0,0,0,0,0,0,0,2,0,0,0,0,0,0,1,0,0,1,0,0
1309,"przypomnieć sobie, że_",0,0,0,0,0,0,0,0,0,2,0,0,0,0,0,0,1,0,0,1,0,0
1383,"rozczulić, że_",0,0,0,2,0,0,0,0,0,0,0,0,0,0,0,0,1,0,0,1,0,0
1427,"skrzyczeć, że_",0,0,0,1,0,0,2,0,0,0,0,0,0,0,0,0,0,0,1,0,0,1
1429,"słyszeć, że_[mowa]",0,0,0,0,0,0,1,0,0,0,2,0,0,0,0,0,0,0,1,0,0,1
1430,"słyszeć, że_[mowa]",0,0,0,0,0,0,1,0,0,0,2,0,0,0,0,0,0,0,1,0,0,1
1454,"[e] spostrzec, że_",0,0,0,0,2,0,0,0,0,0,1,0,0,0,0,0,1,0,0,1,0,0
1463,"sprawiać wrażenie, że_",0,0,0,0,0,0,0,0,0,0,0,2,0,0,0,0,0,0,1,0,0,1
1464,"sprawiać, że_",0,0,0,0,0,0,0,0,0,0,0,2,0,0,0,1,1,0,0,0,0,1
1465,"sprawiać, że_",0,0,0,0,0,0,0,0,0,0,0,2,0,0,0,1,1,0,0,0,0,1
1481,"sprawić, że_",0,0,0,0,0,0,0,0,0,0,0,2,0,0,0,1,1,0,0,0,0,1
1486,"sprawić, że_",0,0,0,0,0,0,0,0,0,0,0,2,0,0,0,1,1,0,0,0,0,1
1562,"szacować, że_",0,0,0,0,0,2,0,0,0,0,0,0,0,0,0,0,0,0,1,0,0,1
1563,"szacować, że_",0,0,0,0,0,2,0,0,0,0,0,0,0,0,0,0,0,0,1,0,0,1
1678,"udokumentować, że_",0,0,2,0,0,0,1,0,0,0,0,0,0,0,0,0,0,0,1,0,0,1
1703,"uprzedzić, że_",0,0,0,0,0,0,3,0,0,0,0,0,0,0,0,0,1,0,0,1,0,0
1707,"usłyszeć, że_[mowa] ",0,0,0,0,0,0,1,0,0,0,2,0,0,0,0,0,0,0,1,0,0,1
1708,"usłyszeć, że_[mowa] ",0,0,0,0,0,0,1,0,0,0,2,0,0,0,0,0,0,0,1,0,0,1
1709,"usłyszeć, że_[mowa] ",0,0,0,0,0,0,1,0,0,0,2,0,0,0,0,0,0,0,1,0,0,1
1711,"uspokajać, że_",0,0,0,1,0,0,2,0,0,0,0,0,0,0,0,0,0,0,1,0,0,1
1714,"ustalić, że_",0,0,0,0,0,0,2,0,0,0,0,1,0,0,0,0,0,0,1,0,0,1
1715,"ustalić, że_",0,0,0,0,0,0,2,0,0,0,0,1,0,0,0,0,0,0,1,0,0,1
1847,"wątpić, że_",0,0,0,0,2,0,0,0,0,0,0,0,0,0,1,0,0,0,1,0,0,1
1886,"[e] widać, że",0,0,0,0,2,0,0,0,0,0,1,0,0,0,0,0,1,0,0,1,0,0
1887,"[p] widzieć, że_",0,0,0,0,0,0,0,0,0,0,2,0,0,0,0,0,1,0,0,1,0,0
1888,"[p] widzieć, że_",0,0,0,0,0,0,0,0,0,0,2,0,0,0,0,0,1,0,0,1,0,0
2078,"wskazać, że_",0,0,0,0,0,0,0,0,0,0,0,0,2,0,0,0,0,0,1,0,0,1
2079,"wskazywać [m], że_",0,0,0,0,0,0,2,0,0,0,0,0,0,0,0,0,0,0,1,0,0,1
2082,"wspomnieć, że_",0,0,0,0,0,0,2,0,0,1,0,0,0,0,0,0,0,0,1,0,0,1
2085,"wspomnieć, że_",0,0,0,0,0,0,2,0,0,1,0,0,0,0,0,0,0,0,1,0,0,1
2087,"wybaczyć, że_",0,0,0,2,0,0,0,0,0,0,0,0,0,0,0,0,1,0,0,1,0,0
2088,"wybaczyć, że_",0,0,0,2,0,0,0,0,0,0,0,0,0,0,0,0,1,0,0,1,0,0
2089,"wybaczyć, że_",0,0,0,2,0,0,0,0,0,0,0,0,0,0,0,0,1,0,0,1,0,0
2095,"wychodzić, że_",0,0,0,0,0,0,0,0,0,0,0,0,2,0,0,0,0,0,1,0,0,1
2098,"wychodzić, że_",0,0,0,0,0,0,0,0,0,0,0,0,2,0,0,0,0,0,1,0,0,1
2099,"wyczytać, że_",0,0,0,0,0,0,1,0,0,0,2,0,0,0,0,0,0,0,1,0,0,1
2181,"wyjść, że_",0,0,0,0,0,0,0,0,0,0,0,0,2,0,0,0,0,0,1,0,0,1
2195,"wyliczyć, że_",0,0,0,0,0,2,0,0,0,0,0,0,0,0,0,0,0,0,1,0,0,1
2196,"wynikać, że_",0,0,0,0,0,0,0,0,0,0,0,0,2,0,0,0,0,0,1,0,0,1
2197,"wynikać, że_",0,0,0,0,0,0,0,0,0,0,0,0,2,0,0,0,0,0,1,0,0,1
2216,"wyniknąć, że_",0,0,0,0,0,0,0,0,0,0,0,0,2,0,0,0,0,0,1,0,0,1
2227,"wyniknąć, że_",0,0,0,0,0,0,0,0,0,0,0,0,2,0,0,0,0,0,1,0,0,1
2250,"wytykać, że_",0,0,0,1,0,0,2,0,0,0,0,0,0,0,0,0,1,0,0,1,0,0
2276,"zaobserwować, że_",0,0,0,0,0,0,0,0,0,0,2,0,0,0,0,0,1,0,0,1,0,0
2277,"zapamiętać, że_",0,0,0,0,0,0,0,0,0,2,0,0,0,0,0,0,1,0,0,1,0,0
2309,"zapominać, że_",0,0,0,0,0,0,0,0,0,2,0,0,0,0,0,0,1,0,0,1,0,0
2311,"zapominać, że_",0,0,0,0,0,0,0,0,0,2,0,0,0,0,0,0,1,0,0,1,0,0
2314,"zapomnieć, że_",0,0,0,0,0,0,0,0,0,2,0,0,0,0,0,0,1,0,0,1,0,0
2317,"zapomnieć, że_",0,0,0,0,0,0,0,0,0,2,0,0,0,0,0,0,1,0,0,1,0,0
2319,"zapomnieć, że_",0,0,0,0,0,0,0,0,0,2,0,0,0,0,0,0,1,0,0,1,0,0
2337,"zarządzić, że_",0,0,0,0,0,0,0,0,0,0,0,2,0,0,0,0,0,0,1,0,0,1
2345,"zaskoczyć, że_",0,0,0,2,0,0,0,0,0,0,0,0,0,0,0,0,1,0,0,1,0,0
2356,"[e] zauważyć, że_",0,0,0,0,2,0,0,0,0,0,1,0,0,0,0,0,1,0,0,1,0,0
2357,"[e] zauważyć, że_",0,0,0,0,2,0,0,0,0,0,1,0,0,0,0,0,1,0,0,1,0,0
2358,"[e] zauważyć, że_",0,0,0,0,2,0,0,0,0,0,1,0,0,0,0,0,1,0,0,1,0,0
2363,"[e] zauważyć, że_",0,0,0,0,2,0,0,0,0,0,1,0,0,0,0,0,1,0,0,1,0,0
2371,"zazdrościć czegoś, że_",0,0,0,2,0,0,0,0,0,0,0,0,0,0,0,0,1,0,0,1,0,0
2424,"zdecydować, że_",0,1,0,0,2,0,0,0,0,0,0,0,0,0,0,0,0,0,1,0,0,1
2425,"zdecydować, że_",0,0,0,0,0,0,0,0,0,0,0,2,0,0,0,0,0,0,1,0,0,1
2434,"zdecydować, że_",0,0,0,0,0,0,0,0,0,0,0,2,0,0,0,0,0,0,1,0,0,1
2435,"zdecydować, że_",0,0,0,0,0,0,0,0,0,0,0,2,0,0,0,0,0,0,1,0,0,1
2436,"zdziwić się, że_",0,0,0,2,0,0,0,0,0,0,0,0,0,0,0,0,1,0,0,1,0,0
2474,"zwąchać, że_",0,0,0,0,2,0,0,0,0,0,1,0,0,0,0,0,1,0,0,1,0,0
2477,"zwrócić uwagę, że_",0,0,0,0,0,0,2,0,0,0,0,0,0,0,0,0,1,0,0,1,0,0
2478,"zwrócić uwagę, że_",0,0,0,0,0,0,2,0,0,0,0,0,0,0,0,0,1,0,0,1,0,0
2479,"zwrócić uwagę, że_",0,0,0,0,0,0,2,0,0,0,0,0,0,0,0,0,1,0,0,1,0,0
2480,"żalić się, że_",0,0,0,2,0,0,1,0,0,0,0,0,0,0,0,0,1,0,0,1,0,0
2481,"żałować, że_",0,0,0,2,0,0,0,0,0,0,0,0,0,0,0,0,1,0,0,1,0,0
2492,"[m] zauważyć, że_",0,0,0,0,0,0,2,0,0,0,0,0,0,0,0,0,1,0,0,1,0,0
2493,"[m] zauważyć, że_",0,0,0,0,0,0,2,0,0,0,1,0,0,0,0,0,1,0,0,1,0,0
2507,"przekonywać o czymś, że_",0,0,0,0,0,0,2,0,0,0,0,0,0,0,0,0,0,0,1,0,0,1
2510,"przekonywać o czymś, że_",0,0,0,0,0,0,2,0,0,0,0,0,0,0,0,0,0,0,1,0,0,1
2514,"przypominać komuś, że_",0,0,0,0,0,0,2,0,0,1,0,0,0,0,0,0,1,0,0,1,0,0
2515,"przypominać komuś, że_",0,0,0,0,0,0,2,0,0,1,0,0,0,0,0,0,0,0,1,0,0,1
2516,"przypominać komuś, że_",0,0,0,0,0,0,2,0,0,1,0,0,0,0,0,0,1,0,0,1,0,0
2527,"przypominać komuś, że_",0,0,0,0,0,0,2,0,0,1,0,0,0,0,0,0,1,0,0,1,0,0
2528,"ustalić na podstawie czegoś, że_",0,0,0,0,0,0,0,0,0,0,0,2,1,0,0,0,0,0,1,0,0,1
2529,"uświadamiać komuś, że_",0,0,0,0,0,0,2,0,0,0,0,0,0,0,0,0,1,0,0,1,0,0
2530,"uświadomić komuś, że_",0,0,0,0,0,0,2,0,0,0,0,0,0,0,0,0,1,0,0,1,0,0
2532,"uświadomić komuś, że_",0,0,0,0,0,0,2,0,0,0,0,0,0,0,0,0,1,0,0,1,0,0
2535,"uświadomić komuś, że_",0,0,0,0,0,0,0,0,0,0,0,2,0,0,0,0,1,0,0,1,0,0
2556,"[e] widzieć, że_",0,0,0,0,2,0,0,0,0,0,1,0,0,0,0,0,1,0,0,1,0,0
2560,"[e] widzieć, że_",0,0,0,0,2,0,0,0,0,0,1,0,0,0,0,0,1,0,0,1,0,0
2579,"[p] widać, że_",0,0,0,0,0,0,0,0,0,0,2,0,0,0,0,0,1,0,0,1,0,0
2581,"[p] widać, że_",0,0,0,0,0,0,0,0,0,0,2,0,0,0,0,0,1,0,0,1,0,0
2584,"ustalić [na podstawie czego], że_",0,0,0,0,0,0,0,0,0,0,0,0,2,0,0,0,0,0,1,0,0,1
21,"alarmować, że_",0,0,0,0,0,0,3,0,0,0,0,0,0,0,0,0,0,0,1,0,0,1
22,"argumentować, że_",0,0,0,0,0,0,3,0,0,0,0,0,0,0,0,0,0,0,1,0,0,1
35,"brać pod uwagę, że_",0,0,0,0,2,0,0,0,0,0,0,0,0,0,0,0,0,0,1,1,0,0
37,"brać pod uwagę, że_",0,0,0,0,2,0,0,0,0,0,0,0,0,0,0,0,0,0,1,1,0,0
41,"być pewnym, że_",0,0,0,0,2,0,0,0,0,0,0,0,0,0,0,0,0,0,1,0,0,1
42,"być pewnym, że_",0,0,0,0,2,0,0,0,0,0,0,0,0,0,0,0,0,0,1,0,0,1
44,"być pewnym, że_",0,0,0,0,2,0,0,0,0,0,0,0,0,0,0,0,0,0,1,0,0,1
56,"być przekonanym, że_",0,0,0,0,2,0,0,0,0,0,0,0,0,0,0,0,0,0,1,0,0,1
57,"być przekonanym, że_",0,0,0,0,2,0,0,0,0,0,0,0,0,0,0,0,0,0,1,0,0,1
69,"być świadomym, że_",0,0,0,0,2,0,0,0,0,0,0,0,0,0,0,0,1,0,0,1,0,0
70,"być winnym czegoś, że_",3,0,0,0,0,0,0,0,0,0,0,0,0,0,0,0,1,0,0,1,0,0
71,"być zdania, że_",0,0,0,0,2,0,0,0,0,0,0,0,0,0,0,0,0,0,1,0,0,1
78,"bywać, że_",0,0,0,0,0,0,0,0,0,0,0,0,0,0,0,3,1,0,0,0,1,0
87,"bywać, że_",0,0,0,0,0,0,0,0,0,0,0,0,0,0,0,3,1,0,0,0,1,0
115,"stać, że_",0,0,0,0,0,0,3,0,0,0,0,0,0,0,0,0,0,0,1,0,0,1
135,"[p] czuć, że_",0,0,0,0,0,0,0,0,0,0,3,0,0,0,0,0,1,0,0,1,0,0
144,"dać słowo honoru, że_",0,0,0,0,0,0,3,0,0,0,0,0,0,0,0,0,0,0,1,0,0,1
145,"dać znać, że_",0,0,0,0,0,0,3,0,0,0,0,0,0,0,0,0,0,0,1,0,0,1
149,"deklarować, że_",0,0,0,0,0,0,3,0,0,0,0,0,0,0,0,0,0,0,1,0,0,1
152,"dochodzić do tego, że_",0,0,0,0,0,0,0,0,0,0,0,0,0,0,0,3,1,0,0,0,0,1
153,"dodać, że_",0,0,0,0,0,0,3,0,0,0,0,0,0,0,0,0,0,0,1,0,0,1
157,"dodać, że_",0,0,0,0,0,0,3,0,0,0,0,0,0,0,0,0,0,0,1,0,0,1
158,"dodać, że_",0,0,0,0,0,0,3,0,0,0,0,0,0,0,0,0,0,0,1,0,0,1
159,"dodać, że_",0,0,0,0,0,0,3,0,0,0,0,0,0,0,0,0,0,0,1,0,0,1
167,"dodawać, że_",0,0,0,0,0,0,3,0,0,0,0,0,0,0,0,0,0,0,1,0,0,1
173,"dodawać, że_",0,0,0,0,0,0,3,0,0,0,0,0,0,0,0,0,0,0,1,0,0,1
176,"dojść do czegoś, że_",0,0,0,0,0,0,0,0,0,0,0,0,0,0,0,3,1,0,0,0,1,0
183,"domyślić się, że_",0,0,0,0,2,0,0,0,0,0,0,0,0,0,0,0,1,0,0,1,0,0
184,"domyślić się, że_",0,0,0,0,2,0,0,0,0,0,0,0,0,0,0,0,1,0,0,1,0,0
189,"dopowiedzieć, że_",0,0,0,0,0,0,3,0,0,0,0,0,0,0,0,0,0,0,1,0,0,1
190,"doprowadzić do, że_",0,0,0,0,0,0,0,0,0,0,0,3,0,0,0,0,1,0,0,0,0,1
192,"dopuścić do czegoś, że_",0,0,0,0,0,0,0,0,0,0,0,3,0,0,0,0,1,0,0,0,0,1
195,"dowiedzieć się, że_",0,0,0,0,2,0,0,0,0,0,0,0,0,0,0,0,1,0,0,0,0,1
196,"dowiedzieć się, że_",0,0,0,0,2,0,0,0,0,0,0,0,0,0,0,0,1,0,0,1,0,0
206,"dowiedzieć się, że_",0,0,0,0,2,0,0,0,0,0,0,0,0,0,0,0,1,0,0,1,0,0
223,"dziać się, że_",0,0,0,0,0,0,0,0,0,0,0,0,0,0,0,3,1,0,0,0,1,0
228,"dziwić się, że_",0,0,0,0,2,0,0,0,0,0,0,0,0,0,0,0,1,0,0,1,0,0
230,"dziwić się, że_",0,0,0,0,2,0,0,0,0,0,0,0,0,0,0,0,1,0,0,1,0,0
237,"dziwić się, że_",0,0,0,0,2,0,0,0,0,0,0,0,0,0,0,0,1,0,0,1,0,0
241,"głosić, że_",0,0,0,0,0,0,3,0,0,0,0,0,0,0,0,0,0,0,1,0,0,1
242,"głosić, że_",0,0,0,0,0,0,3,0,0,0,0,0,0,0,0,0,0,0,1,0,0,1
243,"głosić, że_",0,0,0,0,0,0,3,0,0,0,0,0,0,0,0,0,0,0,1,0,0,1
248,"gwarantować, że_",0,0,0,0,0,0,3,0,0,0,0,0,0,0,0,0,0,0,1,0,0,1
249,"informować, że_",0,0,0,0,0,0,3,0,0,0,0,0,0,0,0,0,0,0,1,0,0,1
255,"informować, że_",0,0,0,0,0,0,3,0,0,0,0,0,0,0,0,0,0,0,1,0,0,1
269,"krakać, że_",0,0,0,0,0,0,3,0,0,0,0,0,0,0,0,0,0,0,1,0,0,1
271,"liczyć się z czymś, że_",0,0,0,0,2,0,0,0,0,0,0,0,0,0,0,0,0,0,1,1,0,0
273,"liczyć się z czymś, że_",0,0,0,0,2,0,0,0,0,0,0,0,0,0,0,0,0,0,1,1,0,0
278,"liczyć, że_",0,0,0,0,2,0,0,0,0,0,0,0,0,0,0,0,0,0,1,0,0,1
279,"liczyć, że_",0,0,0,0,2,0,0,0,0,0,0,0,0,0,0,0,0,0,1,0,0,1
290,"łapać się na czymś, że_",0,0,0,0,2,0,0,0,0,0,0,0,0,0,0,0,1,0,0,1,0,0
299,"meldować, że_",0,0,0,0,0,0,3,0,0,0,0,0,0,0,0,0,0,0,1,0,0,1
301,"miarkować, że_",0,0,0,0,2,0,0,0,0,0,0,0,0,0,0,0,1,0,0,1,0,0
353,"mieć odczucie, że_",0,0,0,0,2,0,0,0,0,0,0,0,0,0,0,0,0,0,1,0,0,1
354,"mieć pewność, że_",0,0,0,0,2,0,0,0,0,0,0,0,0,0,0,0,0,0,1,0,0,1
356,"mieć pewność, że_",0,0,0,0,2,0,0,0,0,0,0,0,0,0,0,0,0,0,1,0,0,1
357,"mieć poczucie, że_",0,0,0,0,2,0,0,0,0,0,0,0,0,0,0,0,0,0,1,0,0,1
360,"mieć świadomość, że_",0,0,0,0,2,0,0,0,0,0,0,0,0,0,0,0,1,0,0,1,0,0
365,"mieć świadomość, że_",0,0,0,0,2,0,0,0,0,0,0,0,0,0,0,0,1,0,0,1,0,0
368,"mieć wrażenie, że_",0,0,0,0,2,0,0,0,0,0,0,0,0,0,0,0,0,0,1,0,0,1
370,"mieć wrażenie, że_",0,0,0,0,2,0,0,0,0,0,0,0,0,0,0,0,0,0,1,0,0,1
385,"mniemać, że_",0,0,0,0,2,0,0,0,0,0,0,0,0,0,0,0,0,0,1,0,0,1
386,"mówić, że_",0,0,0,0,0,0,3,0,0,0,0,0,0,0,0,0,0,0,1,0,0,1
387,"mówić, że_",0,0,0,0,0,0,3,0,0,0,0,0,0,0,0,0,0,0,1,0,0,1
398,"mówić, że_",0,0,0,0,0,0,3,0,0,0,0,0,0,0,0,0,0,0,1,0,0,1
550,"myśleć, że_",0,0,0,0,2,0,0,0,0,0,0,0,0,0,0,0,0,0,1,0,0,1
551,"myśleć, że_",0,0,0,0,2,0,0,0,0,0,0,0,0,0,0,0,0,0,1,0,0,1
687,"nadmienić, że_",0,0,0,0,0,0,3,0,0,0,0,0,0,0,0,0,0,0,1,0,0,1
688,"nadmienić, że_",0,0,0,0,0,0,3,0,0,0,0,0,0,0,0,0,0,0,1,0,0,1
691,"napisać, że_",0,0,0,0,0,0,3,0,0,0,0,0,0,0,0,0,0,0,1,0,0,1
692,"napisać, że_",0,0,0,0,0,0,3,0,0,0,0,0,0,0,0,0,0,0,1,0,0,1
701,"napisać, że_",0,0,0,0,0,0,3,0,0,0,0,0,0,0,0,0,0,0,1,0,0,1
703,"napomknąć, że_",0,0,0,0,0,0,3,0,0,0,0,0,0,0,0,0,0,0,1,0,0,1
710,"nie da się ukryć, że_",3,0,0,0,0,0,0,0,0,0,0,0,0,0,0,0,1,0,0,1,0,0
712,"nie kryć, że_",3,0,0,0,0,0,0,0,0,0,0,0,0,0,0,0,1,0,0,1,0,0
714,"nie kryć, że_",3,0,0,0,0,0,0,0,0,0,0,0,0,0,0,0,1,0,0,1,0,0
716,"nie mieć wątpliwości, że_",0,0,0,0,2,0,0,0,0,0,0,0,0,0,0,0,0,0,1,0,0,1
717,"nie mieć wątpliwości, że_",0,0,0,0,2,0,0,0,0,0,0,0,0,0,0,0,0,0,1,0,0,1
720,"nie ukrywać, że_",3,0,0,0,0,0,0,0,0,0,0,0,0,0,0,0,1,0,0,1,0,0
726,"nie ukrywać, że_",3,0,0,0,0,0,0,0,0,0,0,0,0,0,0,0,1,0,0,1,0,0
736,"nie ulega wątpliwości, że_",0,0,0,0,2,0,0,0,0,0,0,0,0,0,0,0,0,0,1,0,0,1
751,"oberwać za coś, że_",0,0,0,0,0,0,0,0,0,0,0,3,0,0,0,0,1,0,0,1,0,0
754,"obiecać, że_",0,0,0,0,0,0,3,0,0,0,0,0,0,0,0,0,0,0,1,0,0,1
762,"obiecywać, że_",0,0,0,0,0,0,3,0,0,0,0,0,0,0,0,0,0,0,1,0,0,1
765,"obiecywać, że_",0,0,0,0,0,0,3,0,0,0,0,0,0,0,0,0,0,0,1,0,0,1
785,"odczuwać, że_",0,0,0,0,2,0,0,0,0,0,0,0,0,0,0,0,0,0,1,0,0,1
787,"odeprzeć, że_",0,0,0,0,0,0,3,0,0,0,0,0,0,0,0,0,0,0,1,0,0,1
795,"odnieść wrażenie, że_",0,0,0,0,2,0,0,0,0,0,0,0,0,0,0,0,0,0,1,0,0,1
796,"odnieść wrażenie, że_",0,0,0,0,2,0,0,0,0,0,0,0,0,0,0,0,0,0,1,0,0,1
797,"odnosić wrażenie, że_",0,0,0,0,2,0,0,0,0,0,0,0,0,0,0,0,0,0,1,0,0,1
801,"odnotować, że_",0,0,0,0,2,0,0,0,0,0,0,0,0,0,0,0,1,0,0,1,0,0
802,"odpisać, że_",0,0,0,0,0,0,3,0,0,0,0,0,0,0,0,0,0,0,1,0,0,1
803,"odpowiadać, że_",0,0,0,0,0,0,3,0,0,0,0,0,0,0,0,0,0,0,1,0,0,1
805,"odpowiedzieć, że_",0,0,0,0,0,0,3,0,0,0,0,0,0,0,0,0,0,0,1,0,0,1
806,"odpowiedzieć, że_",0,0,0,0,0,0,3,0,0,0,0,0,0,0,0,0,0,0,1,0,0,1
809,"ogłosić, że_",0,0,0,0,0,0,3,0,0,0,0,0,0,0,0,0,0,0,1,0,0,1
811,"okazać się, że_",0,0,0,0,0,0,0,0,3,0,0,0,0,0,0,0,1,0,0,0,0,1
817,"okazać się, że_",0,0,0,0,0,0,0,0,3,0,0,0,0,0,0,0,1,0,0,0,0,1
862,"okazać się, że_",0,0,0,0,0,0,0,0,3,0,0,0,0,0,0,0,1,0,0,0,0,1
866,"okazać się, że_",0,0,0,0,0,0,0,0,3,0,0,0,0,0,0,0,1,0,0,0,0,1
871,"okazywać się, że_",0,0,0,0,0,0,0,0,3,0,0,0,0,0,0,0,1,0,0,0,0,1
889,"okazywać się, że_",0,0,0,0,0,0,0,0,3,0,0,0,0,0,0,0,1,0,0,0,0,1
902,"opowiadać, że_",0,0,0,0,0,0,3,0,0,0,0,0,0,0,0,0,0,0,1,0,0,1
903,"opowiadać, że_",0,0,0,0,0,0,3,0,0,0,0,0,0,0,0,0,0,0,1,0,0,1
910,"opowiadać, że_",0,0,0,0,0,0,3,0,0,0,0,0,0,0,0,0,0,0,1,0,0,1
911,"orientować się, że_",0,0,0,0,2,0,0,0,0,0,0,0,0,0,0,0,1,0,0,1,0,0
912,"orientować się, że_",0,0,0,0,2,0,0,0,0,0,0,0,0,0,0,0,1,0,0,1,0,0
913,"orzec, że_",0,0,0,0,0,0,3,0,0,0,0,0,0,0,0,0,0,0,1,0,0,1
914,"orzec, że_",0,0,0,0,0,0,3,0,0,0,0,0,0,0,0,0,0,0,1,0,0,1
915,"ostrzec, że_",0,0,0,0,0,0,3,0,0,0,0,0,0,0,0,0,1,0,0,1,0,0
916,"ostrzec, że_",0,0,0,0,0,0,3,0,0,0,0,0,0,0,0,0,1,0,0,1,0,0
922,"oświadczać, że_",0,0,0,0,0,0,3,0,0,0,0,0,0,0,0,0,0,0,1,0,0,1
923,"oświadczyć, że_",0,0,0,0,0,0,3,0,0,0,0,0,0,0,0,0,0,0,1,0,0,1
924,"oświadczyć, że_",0,0,0,0,0,0,3,0,0,0,0,0,0,0,0,0,0,0,1,0,0,1
929,"oświadczyć, że_",0,0,0,0,0,0,3,0,0,0,0,0,0,0,0,0,0,0,1,0,0,1
930,"oznajmić, że_",0,0,0,0,0,0,3,0,0,0,0,0,0,0,0,0,0,0,1,0,0,1
968,"pisać, że_",0,0,0,0,0,0,3,0,0,0,0,0,0,0,0,0,0,0,1,0,0,1
971,"pisać, że_",0,0,0,0,0,0,3,0,0,0,0,0,0,0,0,0,0,0,1,0,0,1
977,"planować, że_",0,0,0,0,2,0,0,0,0,0,0,0,0,0,0,0,0,0,1,0,0,1
978,"planować, że_",0,0,0,0,2,0,0,0,0,0,0,0,0,0,0,0,0,0,1,0,0,1
982,"[e] poczuć, że_",0,0,0,0,2,0,0,0,0,0,0,0,0,0,0,0,1,0,0,1,0,0
984,"podać, że_",0,0,0,0,0,0,3,0,0,0,0,0,0,0,0,0,0,0,1,0,0,1
985,"podawać, że_",0,0,0,0,0,0,3,0,0,0,0,0,0,0,0,0,0,0,1,0,0,1
987,"podejrzewać, że_",0,0,0,0,2,0,0,0,0,0,0,0,0,0,0,0,0,0,1,0,0,1
991,"podejrzewać, że_",0,0,0,0,2,0,0,0,0,0,0,0,0,0,0,0,0,0,1,0,0,1
995,"podejrzewać, że_",0,0,0,0,2,0,0,0,0,0,0,0,0,0,0,0,0,0,1,0,0,1
996,"podkreślać, że_",0,0,0,0,0,0,3,0,0,0,0,0,0,0,0,0,0,0,1,0,0,1
997,"podkreślać, że_",0,0,0,0,0,0,3,0,0,0,0,0,0,0,0,0,0,0,1,0,0,1
1006,"podkreślić, że_",0,0,0,0,0,0,3,0,0,0,0,0,0,0,0,0,0,0,1,0,0,1
1007,"podkreślić, że_",0,0,0,0,0,0,3,0,0,0,0,0,0,0,0,0,0,0,1,0,0,1
1012,"podkreślić, że_",0,0,0,0,0,0,3,0,0,0,0,0,0,0,0,0,0,0,1,0,0,1
1019,"podnieść, że_",0,0,0,0,0,0,3,0,0,0,0,0,0,0,0,0,0,0,1,0,0,1
1020,"podpisywać, że_",0,0,0,0,0,0,3,0,0,0,0,0,0,0,0,0,0,0,1,0,0,1
1021,"podpowiadać, że_",0,0,0,0,0,0,3,0,0,0,0,0,0,0,0,0,0,0,1,0,0,1
1033,"pojmować, że_",0,0,0,0,2,0,0,0,0,0,0,0,0,0,0,0,1,0,0,1,0,0
1059,"pomyśleć, że_",0,0,0,0,2,0,0,0,0,0,0,0,0,0,0,0,0,0,1,0,0,1
1060,"pomyśleć, że_",0,0,0,0,2,0,0,0,0,0,0,0,0,0,0,0,0,0,1,0,0,1
1073,"poradzić na coś, że_",0,0,0,0,0,0,0,0,0,0,0,3,0,0,0,0,1,0,0,1,0,0
1074,"poradzić, że_",0,0,0,0,0,0,0,0,0,0,0,3,0,0,0,0,1,0,0,1,0,0
1080,"potwierdzać, że_",0,0,0,0,0,0,3,0,0,0,0,0,0,0,0,0,0,0,1,0,0,1
1083,"potwierdzić, że_",0,0,0,0,0,0,3,0,0,0,0,0,0,0,0,0,0,0,1,0,0,1
1084,"powiadać, że_",0,0,0,0,0,0,3,0,0,0,0,0,0,0,0,0,0,0,1,0,0,1
1085,"powiadać, że_",0,0,0,0,0,0,3,0,0,0,0,0,0,0,0,0,0,0,1,0,0,1
1087,"powiedzieć, że_",0,0,0,0,0,0,3,0,0,0,0,0,0,0,0,0,0,0,1,0,0,1
1088,"powiedzieć, że_",0,0,0,0,0,0,3,0,0,0,0,0,0,0,0,0,0,0,1,0,0,1
1089,"powiedzieć, że_",0,0,0,0,0,0,3,0,0,0,0,0,0,0,0,0,0,0,1,0,0,1
1101,"powiedzieć, że_",0,0,0,0,0,0,3,0,0,0,0,0,0,0,0,0,0,0,1,0,0,1
1217,"powodować, że_",0,0,0,0,0,0,0,0,0,0,0,3,0,0,0,0,1,0,0,0,0,1
1218,"powodować, że_",0,0,0,0,0,0,0,0,0,0,0,3,0,0,0,0,1,0,0,0,0,1
1224,"powtarzać, że_",0,0,0,0,0,0,3,0,0,0,0,0,0,0,0,0,0,0,1,0,0,1
1226,"poznać, że_",0,0,0,0,2,0,0,0,0,0,0,0,0,0,0,0,1,0,0,1,0,0
1227,"poznać, że_",0,0,0,0,2,0,0,0,0,0,0,0,0,0,0,0,1,0,0,1,0,0
1232,"prowadzić do czegoś, że_",0,0,0,0,0,0,0,0,0,0,0,3,0,0,0,0,1,0,0,0,0,1
1233,"przeczuwać, że_",0,0,0,0,2,0,0,0,0,0,0,0,0,0,0,0,0,0,1,0,0,1
1235,"przeczytać, że_",0,0,0,0,0,0,0,0,0,0,3,0,0,0,0,0,0,0,1,0,0,1
1237,"przekazywać, że_",0,0,0,0,0,0,3,0,0,0,0,0,0,0,0,0,0,0,1,0,0,1
1238,"przekonać, że_",0,0,0,0,2,0,0,0,0,0,0,0,0,0,0,0,0,0,1,0,0,1
1240,"przekonać, że_",0,0,0,0,2,0,0,0,0,0,0,0,0,0,0,0,0,0,1,0,0,1
1244,"przekonać się, że_",0,0,0,0,2,0,0,0,0,0,0,0,0,0,0,0,0,0,1,0,0,1
1245,"przekonać się, że_",0,0,0,0,2,0,0,0,0,0,0,0,0,0,0,0,0,0,1,0,0,1
1246,"przekonać się, że_",0,0,0,0,2,0,0,0,0,0,0,0,0,0,0,0,0,0,1,0,0,1
1250,"przekonywać się, że_",0,0,0,0,2,0,0,0,0,0,0,0,0,0,0,0,0,0,1,0,0,1
1252,"przekonywać, że [zwrotny]_",0,0,0,0,2,0,0,0,0,0,0,0,0,0,0,0,0,0,1,0,0,1
1253,"przemawiać, że_",0,0,0,0,0,0,3,0,0,0,0,0,0,0,0,0,0,0,1,0,0,1
1254,"przemówić, że_",0,0,0,0,0,0,3,0,0,0,0,0,0,0,0,0,0,0,1,0,0,1
1258,"przepraszać, że_",0,0,0,0,0,0,3,0,0,0,0,0,0,0,0,0,1,0,0,1,0,0
1261,"przeprosić, że_",0,0,0,0,0,0,3,0,0,0,0,0,0,0,0,0,1,0,0,1,0,0
1264,"przeważyć, że_",0,0,0,0,0,0,0,0,0,0,0,3,0,0,0,0,1,0,0,1,0,0
1265,"przewidywać, że_",0,0,0,0,2,0,0,0,0,0,0,0,0,0,0,0,0,0,1,0,0,1
1267,"przewidywać, że_",0,0,0,0,2,0,0,0,0,0,0,0,0,0,0,0,0,0,1,0,0,1
1270,"przewidzieć, że_",0,0,0,0,2,0,0,0,0,0,0,0,0,0,0,0,1,0,0,1,0,0
1275,"przyjąć, że_",0,0,0,0,2,0,0,0,0,0,0,0,0,0,0,0,0,0,1,0,0,1
1276,"przyjąć, że_",0,0,0,0,2,0,0,0,0,0,0,0,0,0,0,0,0,0,1,0,0,1
1278,"przyjmować, że_",0,0,0,0,2,0,0,0,0,0,0,0,0,0,0,0,0,0,1,0,0,1
1280,"przyjmować, że_",0,0,0,0,2,0,0,0,0,0,0,0,0,0,0,0,0,0,1,0,0,1
1311,"przypuszczać, że_",0,0,0,0,2,0,0,0,0,0,0,0,0,0,0,0,0,0,1,0,0,1
1312,"przypuszczać, że_",0,0,0,0,2,0,0,0,0,0,0,0,0,0,0,0,0,0,1,0,0,1
1318,"przypuszczać, że_",0,0,0,0,2,0,0,0,0,0,0,0,0,0,0,0,0,0,1,0,0,1
1321,"przyrzekać, że_",0,0,0,0,0,0,3,0,0,0,0,0,0,0,0,0,0,0,1,0,0,1
1323,"przysiąc, że_",0,0,0,0,0,0,3,0,0,0,0,0,0,0,0,0,0,0,1,0,0,1
1325,"przysiąc, że_",0,0,0,0,0,0,3,0,0,0,0,0,0,0,0,0,0,0,1,0,0,1
1326,"przysięgać, że_",0,0,0,0,0,0,3,0,0,0,0,0,0,0,0,0,0,0,1,0,0,1
1330,"przyznać, że_",0,0,0,0,0,0,3,0,0,0,0,0,0,0,0,0,0,0,1,0,0,1
1331,"przyznać, że_",0,0,0,0,0,0,3,0,0,0,0,0,0,0,0,0,0,0,1,0,0,1
1335,"przyznać, że_",0,0,0,0,0,0,3,0,0,0,0,0,0,0,0,0,0,0,1,0,0,1
1339,"przyznać, że_",0,0,0,0,0,0,3,0,0,0,0,0,0,0,0,0,0,0,1,0,0,1
1362,"przyznawać, że_",0,0,0,0,0,0,3,0,0,0,0,0,0,0,0,0,0,0,1,0,0,1
1363,"przyznawać, że_",0,0,0,0,0,0,3,0,0,0,0,0,0,0,0,0,0,0,1,0,0,1
1378,"radzić, że_",0,0,0,0,0,0,3,0,0,0,0,0,0,0,0,0,0,0,1,0,0,1
1382,"reklamować, że_",0,0,0,0,0,0,3,0,0,0,0,0,0,0,0,0,0,0,1,0,0,1
1384,"rozmawiać, że_",0,0,0,0,0,0,3,0,0,0,0,0,0,0,0,0,0,0,1,0,0,1
1385,"rozumieć, że_",0,0,0,0,2,0,0,0,0,0,0,0,0,0,0,0,1,0,0,1,0,0
1386,"rozumieć, że_",0,0,0,0,2,0,0,0,0,0,0,0,0,0,0,0,1,0,0,0,0,1
1399,"sądzić, że_",0,0,0,0,2,0,0,0,0,0,0,0,0,0,0,0,0,0,1,0,0,1
1400,"sądzić, że_",0,0,0,0,2,0,0,0,0,0,0,0,0,0,0,0,0,0,1,0,0,1
1404,"sądzić, że_",0,0,0,0,2,0,0,0,0,0,0,0,0,0,0,0,0,0,1,0,0,1
1423,"skarcić, że_",0,0,0,0,0,0,3,0,0,0,0,0,0,0,0,0,1,0,0,1,0,0
1426,"skłamać, że_",0,0,0,0,0,0,3,0,0,0,0,0,0,0,0,0,0,1,0,0,0,1
1428,"[p] słychać, że_[przyroda]",0,0,0,0,0,0,0,0,0,0,3,0,0,0,0,0,1,0,0,1,0,0
1445,"spodziewać się, że_",0,0,0,0,2,0,0,0,0,0,0,0,0,0,0,0,0,0,1,1,0,0
1448,"spodziewać się, że_",0,0,0,0,2,0,0,0,0,0,0,0,0,0,0,0,0,0,1,1,0,0
1451,"spodziewać się, że_",0,0,0,0,2,0,0,0,0,0,0,0,0,0,0,0,0,0,1,1,0,0
1455,"spowodować, że_",0,0,0,0,0,0,0,0,0,0,0,3,0,0,0,0,1,0,0,0,0,1
1456,"spowodować, że_",0,0,0,0,0,0,0,0,0,0,0,3,0,0,0,0,1,0,0,0,0,1
1461,"spowodować, że_",0,0,0,0,0,0,0,0,0,0,0,3,0,0,0,0,1,0,0,0,0,1
1489,"stać się, że_",0,0,0,0,0,0,0,0,0,0,0,0,0,0,0,3,1,0,0,0,1,0
1491,"stwierdzać, że_",0,0,0,0,0,0,3,0,0,0,0,0,0,0,0,0,0,0,1,0,0,1
1496,"stwierdzać, że_",0,0,0,0,0,0,3,0,0,0,0,0,0,0,0,0,0,0,1,0,0,1
1506,"stwierdzić, że_",0,0,0,0,0,0,3,0,0,0,0,0,0,0,0,0,0,0,1,0,0,1
1508,"stwierdzić, że_",0,0,0,0,0,0,3,0,0,0,0,0,0,0,0,0,0,0,1,0,0,1
1511,"stwierdzić, że_",0,0,0,0,0,0,3,0,0,0,0,0,0,0,0,0,0,0,1,0,0,1
1550,"stwierdzić, że_",0,0,0,0,0,0,3,0,0,0,0,0,0,0,0,0,0,0,1,0,0,1
1551,"sugerować, że_",0,0,0,0,0,0,3,0,0,0,0,0,0,0,0,0,0,0,1,0,0,1
1552,"sugerować, że_",0,0,0,0,0,0,3,0,0,0,0,0,0,0,0,0,0,0,1,0,0,1
1554,"sugerować, że_",0,0,0,0,0,0,3,0,0,0,0,0,0,0,0,0,0,0,1,0,0,1
1560,"sygnalizować, że_",0,0,0,0,0,0,3,0,0,0,0,0,0,0,0,0,0,0,1,0,0,1
1567,"szepnąć, że_",0,0,0,0,0,0,3,0,0,0,0,0,0,0,0,0,0,0,1,0,0,1
1568,"szeptać, że_",0,0,0,0,0,0,3,0,0,0,0,0,0,0,0,0,0,0,1,0,0,1
1574,"śnić się, że_",0,0,0,0,2,0,0,0,0,0,0,0,0,0,0,0,0,0,1,0,0,1
1587,"tłuc, że_",0,0,0,0,0,0,3,0,0,0,0,0,0,0,0,0,0,0,1,0,0,1
1588,"tłumaczyć się, że_",0,0,0,0,0,0,3,0,0,0,0,0,0,0,0,0,0,0,1,0,0,1
1589,"tłumaczyć, że_",0,0,0,0,0,0,3,0,0,0,0,0,0,0,0,0,0,0,1,0,0,1
1590,"tłumaczyć, że_",0,0,0,0,0,0,3,0,0,0,0,0,0,0,0,0,0,0,1,0,0,1
1604,"twierdzić, że_",0,0,0,0,0,0,3,0,0,0,0,0,0,0,0,0,0,0,1,0,0,1
1618,"twierdzić, że_",0,0,0,0,0,0,3,0,0,0,0,0,0,0,0,0,0,0,1,0,0,1
1654,"uczyć, że_",0,0,0,0,0,0,3,0,0,0,0,0,0,0,0,0,0,0,1,0,0,1
1655,"uczyć, że_",0,0,0,0,0,0,3,0,0,0,0,0,0,0,0,0,0,0,1,0,0,1
1659,"udać, że_",3,0,0,0,0,0,0,0,0,0,0,0,0,0,0,0,0,1,0,1,0,0
1660,"udać, że_",3,0,0,0,0,0,0,0,0,0,0,0,0,0,0,0,0,1,0,1,0,0
1661,"udawać, że_",3,0,0,0,0,0,0,0,0,0,0,0,0,0,0,0,0,1,0,1,0,0
1663,"udawać, że_",3,0,0,0,0,0,0,0,0,0,0,0,0,0,0,0,0,1,0,1,0,0
1667,"udawać, że_",3,0,0,0,0,0,0,0,0,0,0,0,0,0,0,0,0,1,0,1,0,0
1692,"umówić się, że_",0,0,0,0,0,0,3,0,0,0,0,0,0,0,0,0,0,0,1,0,0,1
1694,"upewnić się, że_",0,0,0,0,2,0,0,0,0,0,0,0,0,0,0,0,0,0,1,0,0,1
1700,"upewnić się, że_",0,0,0,0,2,0,0,0,0,0,0,0,0,0,0,0,0,0,1,0,0,1
1701,"upierać się, że_",0,0,0,0,0,0,3,0,0,0,0,0,0,0,0,0,0,0,1,0,0,1
1702,"uprzedzić, że_",0,0,0,0,0,0,3,0,0,0,0,0,0,0,0,0,1,0,0,1,0,0
1704,"uprzytomnić sobie, że_",0,0,0,0,2,0,0,0,0,0,0,0,0,0,0,0,1,0,0,1,0,0
1712,"usprawiedliwiać się, że_",0,0,0,0,0,0,3,0,0,0,0,0,0,0,0,0,0,0,1,0,0,1
1713,"ustalać, że_",0,0,0,0,2,0,0,0,0,0,0,0,0,0,0,0,0,0,1,0,0,1
1716,"uświadamiać sobie, że_",0,0,0,0,2,0,0,0,0,0,0,0,0,0,0,0,1,0,0,1,0,0
1717,"uświadomić sobie, że_",0,0,0,0,2,0,0,0,0,0,0,0,0,0,0,0,1,0,0,1,0,0
1719,"uświadomić sobie, że_",0,0,0,0,2,0,0,0,0,0,0,0,0,0,0,0,1,0,0,1,0,0
1720,"utrzymywać, że_",0,0,0,0,0,0,3,0,0,0,0,0,0,0,0,0,0,0,1,0,0,1
1722,"utrzymywać, że_",0,0,0,0,0,0,3,0,0,0,0,0,0,0,0,0,0,0,1,0,0,1
1724,"uważać za, że_",0,0,0,0,2,0,0,0,0,0,0,0,0,0,0,0,1,0,0,1,0,0
1725,"uważać, że_",0,0,0,0,2,0,0,0,0,0,0,0,0,0,0,0,0,0,1,0,0,1
1727,"uważać, że_",0,0,0,0,2,0,0,0,0,0,0,0,0,0,0,0,0,0,1,0,0,1
1760,"uważać, że_",0,0,0,0,2,0,0,0,0,0,0,0,0,0,0,0,0,0,1,0,0,1
1813,"uważać, że_",0,0,0,0,2,0,0,0,0,0,0,0,0,0,0,0,0,0,1,0,0,1
1814,"uwierzyć, że_",0,0,0,0,2,0,0,0,0,0,0,0,0,0,0,0,0,0,1,0,0,1
1816,"uwierzyć, że_",0,0,0,0,2,0,0,0,0,0,0,0,0,0,0,0,0,0,1,0,0,1
1818,"uwierzyć, że_",0,0,0,0,2,0,0,0,0,0,0,0,0,0,0,0,0,0,1,0,0,1
1819,"uwzględnić, że_",0,0,0,0,2,0,0,0,0,0,0,0,0,0,0,0,1,0,0,1,0,0
1820,"uzasadniać, że_",0,0,0,0,0,0,3,0,0,0,0,0,0,0,0,0,0,0,1,0,0,1
1821,"uzmysławiać sobie, że_",0,0,0,0,2,0,0,0,0,0,0,0,0,0,0,0,1,0,0,1,0,0
1822,"uznać coś za coś, że_",0,0,0,0,2,0,0,0,0,0,0,0,0,0,0,0,0,0,1,0,0,1
1823,"uznać, że_",0,0,0,0,2,0,0,0,0,0,0,0,0,0,0,0,0,0,1,0,0,1
1824,"uznać, że_",0,0,0,0,2,0,0,0,0,0,0,0,0,0,0,0,0,0,1,0,0,1
1827,"uznać, że_",0,0,0,0,2,0,0,0,0,0,0,0,0,0,0,0,0,0,1,0,0,1
1844,"uznawać, że_",0,0,0,0,2,0,0,0,0,0,0,0,0,0,0,0,0,0,1,0,0,1
1895,"wiedzieć, że_",0,0,0,0,2,0,0,0,0,0,0,0,0,0,0,0,1,0,0,1,0,0
1896,"wiedzieć, że_",0,0,0,0,2,0,0,0,0,0,0,0,0,0,0,0,1,0,0,1,0,0
1898,"wiedzieć, że_",0,0,0,0,2,0,0,0,0,0,0,0,0,0,0,0,1,0,0,1,0,0
2032,"wiedzieć, że_",0,0,0,0,2,0,0,0,0,0,0,0,0,0,0,0,1,0,0,1,0,0
2038,"wierzyć, że_",0,0,0,0,2,0,0,0,0,0,0,0,0,0,0,0,0,0,1,0,0,1
2039,"wierzyć, że_",0,0,0,0,2,0,0,0,0,0,0,0,0,0,0,0,0,0,1,0,0,1
2068,"wierzyć, że_",0,0,0,0,2,0,0,0,0,0,0,0,0,0,0,0,0,0,1,0,0,1
2069,"wmawiać, że_",0,0,0,0,0,0,3,0,0,0,0,0,0,0,0,0,0,1,0,0,0,1
2070,"wmawiać, że_",0,0,0,0,0,0,3,0,0,0,0,0,0,0,0,0,0,1,0,0,0,1
2072,"wmówić, że_",0,0,0,0,0,0,3,0,0,0,0,0,0,0,0,0,0,1,0,0,0,1
2073,"wmówić, że_",0,0,0,0,0,0,3,0,0,0,0,0,0,0,0,0,0,1,0,0,0,1
2074,"wnioskować, że_",0,0,0,0,2,0,0,0,0,0,0,0,0,0,0,0,0,0,1,0,0,1
2075,"wnosić z czegoś, że_",0,0,0,0,2,0,0,0,0,0,0,0,0,0,0,0,0,0,1,0,0,1
2077,"wpłynąć na coś, że_",0,0,0,0,0,0,0,0,0,0,0,3,0,0,0,0,1,0,0,0,0,1
2092,"wychodzić z założenia, że_",0,0,0,0,2,0,0,0,0,0,0,0,0,0,0,0,0,0,1,0,0,1
2093,"wychodzić z założenia, że_",0,0,0,0,2,0,0,0,0,0,0,0,0,0,0,0,0,0,1,0,0,1
2094,"wychodzić z założenia, że_",0,0,0,0,2,0,0,0,0,0,0,0,0,0,0,0,0,0,1,0,0,1
2100,"wydawać się, że_",0,0,0,0,2,0,0,0,0,0,0,0,0,0,0,0,0,0,1,0,0,1
2102,"wydawać się, że_",0,0,0,0,2,0,0,0,0,0,0,0,0,0,0,0,0,0,1,0,0,1
2108,"wydawać się, że_",0,0,0,0,2,0,0,0,0,0,0,0,0,0,0,0,0,0,1,0,0,1
2109,"wydawać się, że_",0,0,0,0,2,0,0,0,0,0,0,0,0,0,0,0,0,0,1,0,0,1
2162,"wygląda na to, że_",0,0,0,0,2,0,0,0,0,0,0,0,0,0,0,0,0,0,1,0,0,1
2163,"wygląda na to, że_",0,0,0,0,2,0,0,0,0,0,0,0,0,0,0,0,0,0,1,0,0,1
2179,"wyjść na jaw, że_",0,0,0,0,0,0,0,0,3,0,0,0,0,0,0,0,1,0,0,1,0,0
2192,"wykluczać, że_",0,0,0,0,2,0,0,0,0,0,0,0,0,0,0,0,0,0,1,0,0,1
2194,"wykluczać, że_",0,0,0,0,2,0,0,0,0,0,0,0,0,0,0,0,0,0,1,0,0,1
2229,"wyobrazić sobie, że_",0,0,0,0,2,0,0,0,0,0,0,0,0,0,0,0,0,0,1,0,0,1
2233,"wyobrazić sobie, że_",0,0,0,0,2,0,0,0,0,0,0,0,0,0,0,0,0,0,1,0,0,1
2234,"wyobrażać sobie, że_",0,0,0,0,2,0,0,0,0,0,0,0,0,0,0,0,0,0,1,0,0,1
2235,"wyobrażać sobie, że_",0,0,0,0,2,0,0,0,0,0,0,0,0,0,0,0,0,0,1,0,0,1
2240,"wyobrażać sobie, że_",0,0,0,0,2,0,0,0,0,0,0,0,0,0,0,0,0,0,1,0,0,1
2243,"wypisywać, że_",0,0,0,0,0,0,3,0,0,0,0,0,0,0,0,0,0,0,1,0,0,1
2249,"wytłumaczyć, że_",0,0,0,0,0,0,3,0,0,0,0,0,0,0,0,0,0,0,1,0,0,1
2251,"wyznać, że_",0,0,0,0,0,0,3,0,0,0,0,0,0,0,0,0,1,0,0,1,0,0
2252,"wziąć pod uwagę, że_",0,0,0,0,2,0,0,0,0,0,0,0,0,0,0,0,0,0,1,1,0,0
2253,"wziąć pod uwagę, że_",0,0,0,0,2,0,0,0,0,0,0,0,0,0,0,0,0,0,1,1,0,0
2254,"zadeklarować, że_",0,0,0,0,0,0,3,0,0,0,0,0,0,0,0,0,0,0,1,0,0,1
2259,"zakładać, że_",0,0,0,0,2,0,0,0,0,0,0,0,0,0,0,0,0,0,1,0,0,1
2260,"zakładać, że_",0,0,0,0,2,0,0,0,0,0,0,0,0,0,0,0,0,0,1,0,0,1
2264,"zakładać, że_",0,0,0,0,2,0,0,0,0,0,0,0,0,0,0,0,0,0,1,0,0,1
2267,"założyć się, że_",3,0,0,0,0,0,0,0,0,0,0,0,0,0,0,0,0,0,1,0,0,1
2268,"założyć, że_",0,0,0,0,2,0,0,0,0,0,0,0,0,0,0,0,0,0,1,0,0,1
2270,"założyć, że_",0,0,0,0,2,0,0,0,0,0,0,0,0,0,0,0,0,0,1,0,0,1
2275,"założyć, że_",0,0,0,0,2,0,0,0,0,0,0,0,0,0,0,0,0,0,1,0,0,1
2278,"zapewniać, że_",0,0,0,0,0,0,3,0,0,0,0,0,0,0,0,0,0,0,1,0,0,1
2282,"zapewniać, że_",0,0,0,0,0,0,3,0,0,0,0,0,0,0,0,0,0,0,1,0,0,1
2298,"zapewnić, że_",0,0,0,0,0,0,3,0,0,0,0,0,0,0,0,0,0,0,1,0,0,1
2304,"zapewnić, że_",0,0,0,0,0,0,3,0,0,0,0,0,0,0,0,0,0,0,1,0,0,1
2305,"zapewnić, że_",0,0,0,0,0,0,3,0,0,0,0,0,0,0,0,0,0,0,1,0,0,1
2306,"zapisać, że_",0,0,0,0,0,0,3,0,0,0,0,0,0,0,0,0,0,0,1,0,0,1
2308,"zaplanować, że_",0,0,0,0,2,0,0,0,0,0,0,0,0,0,0,0,0,0,1,0,0,1
2320,"zapowiadać się, że_",0,0,0,0,0,0,3,0,0,0,0,0,0,0,0,0,0,0,1,0,0,1
2321,"zapowiadać, że_",0,0,0,0,0,0,3,0,0,0,0,0,0,0,0,0,0,0,1,0,0,1
2326,"zapowiadać, że_",0,0,0,0,0,0,3,0,0,0,0,0,0,0,0,0,0,0,1,0,0,1
2327,"zapowiedzieć, że_",0,0,0,0,0,0,3,0,0,0,0,0,0,0,0,0,0,0,1,0,0,1
2330,"zapowiedzieć, że_",0,0,0,0,0,0,3,0,0,0,0,0,0,0,0,0,0,0,1,0,0,1
2333,"zaproponować, że_",0,0,0,0,0,0,3,0,0,0,0,0,0,0,0,0,0,0,1,0,0,1
2335,"zaprzeczyć, że_",0,0,0,0,0,0,3,0,0,0,0,0,0,0,0,0,0,0,1,0,0,1
2336,"zaręczać, że_",0,0,0,0,0,0,3,0,0,0,0,0,0,0,0,0,0,0,1,0,0,1
2338,"zarzekać się, że_",0,0,0,0,0,0,3,0,0,0,0,0,0,0,0,0,0,0,1,0,0,1
2340,"zarzucać, że_",0,0,0,0,0,0,3,0,0,0,0,0,0,0,0,0,0,0,1,0,0,1
2342,"zarzucać, że_",0,0,0,0,0,0,3,0,0,0,0,0,0,0,0,0,0,0,1,0,0,1
2343,"zarzucić, że_",0,0,0,0,0,0,3,0,0,0,0,0,0,0,0,0,0,0,1,0,0,1
2346,"zastrzec, że_",0,0,0,0,0,0,3,0,0,0,0,0,0,0,0,0,0,0,1,0,0,1
2347,"zastrzec, że_",0,0,0,0,0,0,3,0,0,0,0,0,0,0,0,0,0,0,1,0,0,1
2349,"zastrzegać, że_",0,0,0,0,0,0,3,0,0,0,0,0,0,0,0,0,0,0,1,0,0,1
2350,"zasugerować, że_",0,0,0,0,0,0,3,0,0,0,0,0,0,0,0,0,0,0,1,0,0,1
2352,"zaświadczać, że_",0,0,0,0,0,0,3,0,0,0,0,0,0,0,0,0,0,0,1,0,0,1
2355,"zauważać, że_",0,0,0,0,2,0,0,0,0,0,0,0,0,0,0,0,1,0,0,1,0,0
2370,"zawiadamiać, że_",0,0,0,0,0,0,3,0,0,0,0,0,0,0,0,0,0,0,1,0,0,1
2372,"zaznaczać, że_",0,0,0,0,0,0,3,0,0,0,0,0,0,0,0,0,0,0,1,0,0,1
2374,"zaznaczyć, że_",0,0,0,0,0,0,3,0,0,0,0,0,0,0,0,0,0,0,1,0,0,1
2375,"zaznaczyć, że_",0,0,0,0,0,0,3,0,0,0,0,0,0,0,0,0,0,0,1,0,0,1
2381,"zdać sobie sprawę, że_",0,0,0,0,2,0,0,0,0,0,0,0,0,0,0,0,1,0,0,1,0,0
2382,"zdać sobie sprawę, że_",0,0,0,0,2,0,0,0,0,0,0,0,0,0,0,0,1,0,0,1,0,0
2386,"zdarzać się, że_",0,0,0,0,0,0,0,0,0,0,0,0,0,0,0,3,1,0,0,0,0,1
2393,"zdarzać się, że_",0,0,0,0,0,0,0,0,0,0,0,0,0,0,0,3,1,0,0,0,0,1
2398,"zdarzyć się, że_",0,0,0,0,0,0,0,0,0,0,0,0,0,0,0,3,1,0,0,0,0,1
2399,"zdawać się, że_",0,0,0,0,2,0,0,0,0,0,0,0,0,0,0,0,0,0,1,0,0,1
2400,"zdawać się, że_",0,0,0,0,2,0,0,0,0,0,0,0,0,0,0,0,0,0,1,0,0,1
2402,"zdawać się, że_",0,0,0,0,2,0,0,0,0,0,0,0,0,0,0,0,0,0,1,0,0,1
2413,"zdawać sobie sprawę, że_",0,0,0,0,2,0,0,0,0,0,0,0,0,0,0,0,1,0,0,1,0,0
2415,"zdawać sobie sprawę, że_",0,0,0,0,2,0,0,0,0,0,0,0,0,0,0,0,1,0,0,1,0,0
2422,"zdawać sobie sprawę, że_",0,0,0,0,2,0,0,0,0,0,0,0,0,0,0,0,1,0,0,1,0,0
2437,"zeznać, że_",0,0,0,0,0,0,3,0,0,0,0,0,0,0,0,0,0,0,1,0,0,1
2439,"zgadzać się, że_",0,0,0,0,0,0,3,0,0,0,0,0,0,0,0,0,0,0,1,0,0,1
2440,"zgadzać się, że_",0,0,0,0,0,0,3,0,0,0,0,0,0,0,0,0,0,0,1,0,0,1
2442,"zgłaszać, że_",0,0,0,0,0,0,3,0,0,0,0,0,0,0,0,0,0,0,1,0,0,1
2443,"[e] zobaczyć, że_",0,0,0,0,2,0,0,0,0,0,0,0,0,0,0,0,1,0,0,1,0,0
2445,"zgodzić się, że_",0,0,0,0,0,0,3,0,0,0,0,0,0,0,0,0,0,0,1,0,0,1
2446,"zobowiązać się, że_",0,0,0,0,0,0,3,0,0,0,0,0,0,0,0,0,0,0,1,0,0,1
2447,"zobowiązać się, że_",0,0,0,0,0,0,3,0,0,0,0,0,0,0,0,0,0,0,1,0,0,1
2448,"zorientować się, że_",0,0,0,0,2,0,0,0,0,0,0,0,0,0,0,0,1,0,0,1,0,0
2450,"zorientować się, że_",0,0,0,0,2,0,0,0,0,0,0,0,0,0,0,0,1,0,0,1,0,0
2451,"zreflektować się, że_",0,0,0,0,2,0,0,0,0,0,0,0,0,0,0,0,1,0,0,1,0,0
2452,"zrozumieć, że_",0,0,0,0,2,0,0,0,0,0,0,0,0,0,0,0,1,0,0,1,0,0
2453,"zrozumieć, że_",0,0,0,0,2,0,0,0,0,0,0,0,0,0,0,0,1,0,0,1,0,0
2467,"zrozumieć, że_",0,0,0,0,2,0,0,0,0,0,0,0,0,0,0,0,1,0,0,1,0,0
2471,"zwalić, że_",0,0,0,0,0,0,3,0,0,0,0,0,0,0,0,0,1,0,0,1,0,0
2472,"zważyć, że_",0,0,0,0,2,0,0,0,0,0,0,0,0,0,0,0,1,0,0,1,0,0
2473,"zważyć, że_",0,0,0,0,2,0,0,0,0,0,0,0,0,0,0,0,1,0,0,1,0,0
2475,"zwąchać, że_",0,0,0,0,2,0,0,0,0,0,0,0,0,0,0,0,1,0,0,1,0,0
2494,"[p] zobaczyć, że_",0,0,0,0,0,0,0,0,0,0,3,0,0,0,0,0,1,0,0,1,0,0
2497,"[p] zobaczyć, że_",0,0,0,0,0,0,0,0,0,0,3,0,0,0,0,0,1,0,0,1,0,0
2498,"dowiadywać się, że_",0,0,0,0,2,0,0,0,0,0,0,0,0,0,0,0,1,0,0,0,0,1
2501,"dowiadywać się, że_",0,0,0,0,2,0,0,0,0,0,0,0,0,0,0,0,1,0,0,0,0,1
2505,"[e] poczuć, że_",0,0,0,0,2,0,0,0,0,0,0,0,0,0,0,0,0,0,1,0,0,1
2541,"[e] widać, że",0,0,0,0,2,0,0,0,0,0,0,0,0,0,0,0,1,0,0,1,0,0
2542,"[e] widać, że",0,0,0,0,2,0,0,0,0,0,0,0,0,0,0,0,1,0,0,1,0,0
2551,"[p] zauważyć, że_",0,0,0,0,0,0,0,0,0,0,3,0,0,0,0,0,1,0,0,1,0,0
2561,"[e] widzieć, że_",0,0,0,0,2,0,0,0,0,0,0,0,0,0,0,0,1,0,0,1,0,0
2563,"[e] widzieć, że_",0,0,0,0,2,0,0,0,0,0,0,0,0,0,0,0,1,0,0,1,0,0
